Year,return
2026,-0.264700
2027,0.539900
2028,0.021100
2029,0.526200
2030,0.124500
2031,0.049100
2032,0.259000
2033,-0.004100
2034,0.240200
2035,0.240200
2036,0.311200
2037,0.116200
2038,-0.221000
2039,0.262900
2040,0.108800
2041,-0.146600
2042,0.250200
2043,0.311200
2044,0.229600
2045,0.166100
2046,0.250200
2047,-0.087300
2048,-0.100600
2049,0.049100
2050,0.100800
2051,0.317100
2052,0.110600
2053,0.108800
2054,-0.350300
2055,-0.071800
